<?xml version="1.0"?>
<USER_ACCOUNTS Description="Quick 'n Easy FTP Server User Accounts" >
	<USER>
		<NAME>anonymous</NAME>
		<PASSWORD>
		</PASSWORD>
		<ACCOUNT_DISABLED>0</ACCOUNT_DISABLED>
		<FOLDER>
			<PATH>H:\0day&#176;&#178;&#200;&#171;</PATH>
			<ALIAS>
			</ALIAS>
			<HOME_DIRECTORY>1</HOME_DIRECTORY>
			<ALLOW_CREATE_DIRECTORY>1</ALLOW_CREATE_DIRECTORY>
			<ALLOW_DELETE>1</ALLOW_DELETE>
			<ALLOW_DOWNLOAD>1</ALLOW_DOWNLOAD>
			<ALLOW_RENAME>1</ALLOW_RENAME>
			<ALLOW_UPLOAD>1</ALLOW_UPLOAD>
			<ALLOW_LIST>1</ALLOW_LIST>
		</FOLDER>
	</USER>
</USER_ACCOUNTS>
